{
  "users": [
    {
      "id": 1,
      "name": "João Silva",
      "email": "joao.silva@email.com",
      "password": "123",
      "decks": [1, 2]
    },
    {
      "id": 2,
      "name": "Maria Oliveira",
      "email": "maria.oliveira@email.com",
      "password": "senha456",
      "decks": [3]
    },
    {
      "id": 3,
      "name": "Otávio Rocha",
      "email": "o@o.com",
      "password": "123",
      "decks": [2]
    }
  ],
  "flashcards": [
    {
      "id": 1,
      "question": "Qual é a capital da França?",
      "answer": "Paris",
      "deckId": 1,
      "dificuldade": "Fácil"
    },
    {
      "id": 2,
      "question": "Quem pintou a Mona Lisa?",
      "answer": "Leonardo da Vinci",
      "deckId": 2,
      "dificuldade": "Média"
    }
  ],
  "decks": [
    {
      "id": 1,
      "name": "Células",
      "description": "Descrição sobre organelas e suas funções.",
      "userId": 1,
      "flashcards": [1]
    },
    {
      "id": 2,
      "name": "Matemática",
      "description": "Equação de Primeiro grau, fatoração",
      "userId": 1,
      "flashcards": [2]
    },
    {
      "id": 3,
      "name": "Ecologia",
      "description": "Descrição sobre ecossistemas e interações.",
      "userId": 2,
      "flashcards": []
    },
    {
      "id": 4,
      "name": "Geografia",
      "description": "Mapas, Tipos de vegetação, Cidades Verdes",
      "userId": 2,
      "flashcards": []
    },
    {
      "id": 5,
      "name": "Biologia",
      "description": "Descrição sobre a teoria da evolução, Anatomia, Plantas.",
      "userId": 2,
      "flashcards": []
    },
    {
      "id": 6,
      "name": "História",
      "description": "Primeira Guerra, Revolução Industrial, Guerra dos Canudos.",
      "userId": 2,
      "flashcards": []
    }
  ],
  "answers": [
    {
      "id": 1,
      "userId": 1,
      "flashcardId": 1,
      "isCorrect": true
    },
    {
      "id": 2,
      "userId": 2,
      "flashcardId": 2,
      "isCorrect": false
    },
    {
      "id": 3,
      "userId": 1,
      "flashcardId": 1,
      "isCorrect": true
    },
    {
      "id": 4,
      "userId": 1,
      "flashcardId": 1,
      "isCorrect": false
    }
  ],
  "perfil": [
    {
      "fotoPerfil": "",
      "nome": "",
      "username": "",
      "biografia": "",
      "decksCompartilhados": {
        "texto": "",
        "quantidade": 0
      }
    }
  ],
  "botoes": [
    {
      "nome": "Filosofia",
      "link": "modulos/decks/deck-sub-baralho.html",
      "cores": {
        "red": 18,
        "blue": 20,
        "green": 15
      }
    },
    {
      "nome": "Matemática",
      "link": "modulos/decks/deck-sub-baralho.html",
      "cores": {
        "red": 30,
        "blue": 12,
        "green": 4
      }
    },
    {
      "nome": "Geografia",
      "link": "modulos/decks/deck-sub-baralho.html",
      "cores": {
        "red": 10,
        "blue": 8,
        "green": 24
      }
    },
    {
      "nome": "Inglês",
      "link": "modulos/decks/deck-sub-baralho.html",
      "cores": {
        "red": 2,
        "blue": 4,
        "green": 35
      }
    }
  ]
}

